"p_val","avg_log2FC","pct.1","pct.2","p_val_adj","cluster","gene"
7.80946200773581e-54,0.548282574077928,0.561,0.086,8.67084566718907e-50,"1","Pou1f1"
5.39831629256107e-35,0.379920526656079,0.679,0.198,5.99375057963056e-31,"1","Ptn"
2.55699730604629e-31,0.409954514432357,0.561,0.152,2.83903410890319e-27,"1","Emb"
4.34645815848288e-28,0.450738578047509,0.768,0.292,4.82587249336354e-24,"1","S100a10"
8.72651682756201e-28,0.512524248072905,0.407,0.093,9.6890516336421e-24,"1","Dapl1"
1.5574949167574e-17,0.427355485762738,1,0.976,1.72928660607574e-13,"1","Dlk1"
3.60982142129179e-17,0.343033727899014,0.606,0.257,4.00798472406028e-13,"1","Copz2"
6.81741138995388e-17,0.35803589123826,0.602,0.256,7.56937186626579e-13,"1","Htatsf1"
1.55672076824035e-13,0.258278110837413,0.553,0.237,1.72842706897726e-09,"1","Ctsz"
1.27762047411832e-12,0.27582928562566,0.833,0.43,1.41854201241357e-08,"1","S100a11"
1.34153743121766e-10,0.301977880624663,0.833,0.481,1.48950900988097e-06,"1","Bmyc"
4.0880097753815e-10,0.25084154019744,0.411,0.195,4.53891725360608e-06,"1","Fkbp11"
1.68736087258032e-09,0.334966907860641,0.715,0.414,1.87347677682593e-05,"1","Pam"
4.25389090995173e-09,0.295022427131676,0.724,0.425,4.72309507731941e-05,"1","P4hb"
1.08748142050987e-38,0.787864744604613,0.947,0.84,1.20743062119211e-34,"2","Ndufa4"
1.05675445505218e-25,0.58429029388395,0.992,0.989,1.17331447144444e-21,"2","Prdx1"
5.08758656702589e-25,0.527314845592239,1,1,5.64874736536884e-21,"2","Cox6c"
7.784875447963e-24,0.445452138194396,1,1,8.64354720987332e-20,"2","Gnas"
3.47263039977842e-23,0.465752848283178,1,0.999,3.85566153287398e-19,"2","Cst3"
3.52669846772754e-22,0.50500446398098,1,0.999,3.91569330871789e-18,"2","Bsg"
7.11712671293307e-22,0.538061965005787,0.934,0.858,7.90214578936959e-18,"2","Ndufc1"
1.15147013036993e-21,0.458801860463138,1,0.997,1.27847728574974e-17,"2","Cox7c"
2.64617472492031e-21,0.488296698538954,1,0.994,2.93804779707902e-17,"2","Ly6h"
2.6478885782725e-21,0.453537858724969,0.996,0.985,2.93995068845596e-17,"2","Ndufa2"
6.86648988236298e-21,0.556462658694484,0.959,0.959,7.62386371638761e-17,"2","H3f3a"
2.54519244004083e-20,0.581893369180758,1,1,2.82592716617733e-16,"2","Nnat"
5.49414540623598e-20,0.448339953975778,1,0.999,6.1001496445438e-16,"2","Atp6v0c"
4.76575098893858e-19,0.37972895843104,1,1,5.29141332301851e-15,"2","Rpl11"
8.88692306800816e-19,0.475202909078532,0.996,0.977,9.86715068240946e-15,"2","Ubl5"
2.14729230494344e-18,0.431731515779984,0.996,1,2.3841386461787e-14,"2","Pfdn5"
4.81860609549298e-18,0.512590075006311,0.963,0.959,5.35009834782585e-14,"2","Prdx2"
5.14658965044367e-18,0.400175403501125,1,1,5.71425848888761e-14,"2","Cox4i1"
1.29856226872052e-17,0.371368023414135,1,1,1.4417936869604e-13,"2","Rps17"
1.42686676837852e-17,0.500012342655782,0.955,0.957,1.58425017293067e-13,"2","Psmb2"
2.08422739358454e-17,0.458935871154209,0.975,0.975,2.31411767509692e-13,"2","Tomm7"
2.39841047904621e-17,0.566633295657519,0.656,0.383,2.66295515488501e-13,"2","Tspo"
2.6661252158398e-17,0.362573149311137,1,1,2.96019882714693e-13,"2","Rpl32"
4.82034164156761e-17,0.358298026645748,1,1,5.35202532463251e-13,"2","Rps29"
5.42940128895869e-17,0.477317701018793,0.98,0.966,6.02826425113084e-13,"2","Tmem59"
9.7870787715565e-17,0.407578607938053,1,1,1.08665935600592e-12,"2","Pcsk1n"
1.33465592489218e-16,0.546331942190468,0.82,0.687,1.48186847340778e-12,"2","Ypel3"
2.03908031759113e-16,0.360796775411355,1,1,2.26399087662143e-12,"2","Rps19"
2.15181936529657e-16,0.439049771872011,0.996,0.979,2.38916504128878e-12,"2","Cox6b1"
3.04664336904323e-16,0.521251297888849,0.672,0.381,3.38268813264869e-12,"2","Atp6v1e1"
3.56954522205871e-16,0.32823037280127,1,1,3.96326606005178e-12,"2","Rpl35a"
4.26143136034914e-16,0.797782590001718,1,1,4.73146723939565e-12,"2","Pomc"
4.83336642772411e-16,0.432698287431696,0.971,0.966,5.36648674470207e-12,"2","Elob"
1.73284928031545e-15,0.362470957420616,1,1,1.92398255593425e-11,"2","Rps23"
1.94402201484225e-15,0.389401522513928,1,1,2.15844764307935e-11,"2","Calm2"
1.94604641712627e-15,0.547471820996932,0.955,0.934,2.1606953369353e-11,"2","Stmn1"
2.12784355364328e-15,0.415708123026495,0.951,0.954,2.36254469761014e-11,"2","Pebp1"
2.90399423412547e-15,0.316425186550898,1,1,3.22430479814951e-11,"2","Rpl21"
3.06905842168365e-15,0.363268494708732,1,1,3.40757556559535e-11,"2","Rpl19"
3.34037533671159e-15,0.444898340190947,0.914,0.872,3.70881873635087e-11,"2","Ndufb4"
3.55116755881071e-15,0.333157023980985,1,1,3.94286134054753e-11,"2","Rps27"
4.11128608455096e-15,0.429790574956805,0.98,0.963,4.56476093967693e-11,"2","Spcs1"
6.15575274626978e-15,0.378823855240725,0.996,0.985,6.83473227418334e-11,"2","Ndufa13"
6.62312572764582e-15,0.321708368803531,1,1,7.35365649540516e-11,"2","Fau"
7.44080908452286e-15,0.520124706994358,0.59,0.324,8.26153032654573e-11,"2","Coa3"
8.99612731518819e-15,0.339236388890667,1,1,9.98840015805345e-11,"2","Rps8"
1.35561668238863e-14,0.332059944399666,1,1,1.5051412024561e-10,"2","Rpl23a"
1.52252000585521e-14,0.562131123692399,0.996,0.997,1.69045396250104e-10,"2","Resp18"
2.47931391360458e-14,0.34610012594452,1,1,2.75278223827516e-10,"2","Rps15"
2.72569247669902e-14,0.390015690030411,0.996,0.996,3.02633635687892e-10,"2","Aldoa"
2.75639558465257e-14,0.311595309133894,1,1,3.06042601763975e-10,"2","Rpl6"
3.05854480119846e-14,0.396478451232342,0.98,0.957,3.39590229277065e-10,"2","Cox6a1"
3.29839217647246e-14,0.410486151797113,0.893,0.854,3.66220483353737e-10,"2","Nop10"
3.72875214967606e-14,0.404337958413688,0.967,0.979,4.14003351178532e-10,"2","Ndufa7"
4.01197922402649e-14,0.506225181235113,0.693,0.448,4.45450053243661e-10,"2","Crip2"
5.8499003143546e-14,0.398632651334645,0.943,0.906,6.49514431902791e-10,"2","Ndufc2"
8.46202692449892e-14,0.45224087153602,0.828,0.752,9.39538849427115e-10,"2","Ndufb5"
1.07721745489206e-13,0.336236114196777,1,1,1.19603454016665e-09,"2","Rpl13"
1.12871194457653e-13,0.337848910528269,1,1,1.25320887206332e-09,"2","Rpl39"
1.26812920261933e-13,0.33650809377602,1,1,1.40800385366824e-09,"2","Rps28"
1.27728910626922e-13,0.423304333450656,0.939,0.931,1.41817409469071e-09,"2","Uqcr10"
1.66663466522468e-13,0.482048659522283,0.553,0.321,1.85046446879896e-09,"2","Uqcc3"
1.93057640508355e-13,0.369034120560841,0.988,0.953,2.14351898256427e-09,"2","Sem1"
2.18313710428224e-13,0.348490723780867,1,1,2.42393712688457e-09,"2","Rps21"
2.81798472646796e-13,0.385126904665228,0.967,0.971,3.12880844179738e-09,"2","Btf3"
3.7934208765621e-13,0.482821232790044,0.775,0.556,4.2118351992469e-09,"2","Vdac1"
4.85287345601824e-13,0.318185256118974,1,1,5.38814539821705e-09,"2","Rps18"
4.90375172140875e-13,0.385352061909679,1,0.999,5.44463553628014e-09,"2","Scg5"
4.98397642640425e-13,0.300996857835983,1,1,5.53370902623664e-09,"2","Rplp1"
5.21719472465221e-13,0.382551288692579,0.988,0.979,5.79265130278135e-09,"2","Ndufv3"
5.50817554191001e-13,0.415149569377697,0.434,0.201,6.11572730418268e-09,"2","Thrsp"
5.98246195733169e-13,0.311101058682483,1,1,6.64232751122537e-09,"2","Rpl31"
6.38431570097039e-13,0.39571156358462,0.959,0.917,7.08850572278743e-09,"2","Romo1"
6.86578627305014e-13,0.410605880953632,0.959,0.95,7.62308249896758e-09,"2","Selenom"
8.65753776294905e-13,0.305262076255033,1,1,9.61246417820233e-09,"2","Rplp2"
8.6758583283959e-13,0.481620123567821,0.799,0.628,9.63280550201797e-09,"2","Stmn3"
9.69373348507193e-13,0.378582221584993,0.951,0.966,1.07629522884754e-08,"2","Nenf"
9.93180350040081e-13,0.480672766211467,0.586,0.343,1.1027281426495e-08,"2","Nsg1"
1.04160429587416e-12,0.392670266703576,0.906,0.881,1.15649324970908e-08,"2","Ndufa11"
1.61697120124837e-12,0.329152211847053,0.988,0.989,1.79532312474607e-08,"2","Ndfip1"
1.69720535903439e-12,0.360353866977576,0.996,1,1.88440711013589e-08,"2","Spint2"
2.06339344129657e-12,0.434787321214261,0.93,0.858,2.29098573787159e-08,"2","Hcfc1r1"
2.1053337262233e-12,0.380036078838948,0.926,0.891,2.33755203622572e-08,"2","Rbx1"
2.56131841110127e-12,0.376349566862527,0.98,0.972,2.84383183184574e-08,"2","Cox5b"
2.70974945652613e-12,0.508015320071246,0.639,0.407,3.00863482158096e-08,"2","Creg1"
2.72802293227778e-12,0.348707426002963,0.934,0.891,3.02892386170802e-08,"2","Lamp1"
2.7863449074512e-12,0.298957185375235,1,1,3.09367875074307e-08,"2","Rpl27"
2.95377980198409e-12,0.413280007860548,0.926,0.92,3.27958171414294e-08,"2","Park7"
4.19350623246225e-12,0.35345655500178,0.984,0.988,4.65604996990284e-08,"2","Uqcrb"
4.32948086595522e-12,0.439267011218569,0.561,0.314,4.80702260547008e-08,"2","C1d"
4.38542416832161e-12,0.297463741179875,1,1,4.86913645408748e-08,"2","Rpl26"
4.62912382307791e-12,0.376782377615681,0.971,0.95,5.13971618076341e-08,"2","Ndufa6"
6.05844870310191e-12,0.299812157950063,1,1,6.72669559505405e-08,"2","Rps24"
6.31362053872825e-12,0.395016558584862,0.898,0.88,7.01001288414998e-08,"2","Mdh2"
6.63317434615993e-12,0.391888795374121,0.881,0.848,7.36481347654137e-08,"2","Micos13"
7.09592889026711e-12,0.307505877825223,1,0.999,7.87860984686357e-08,"2","Rpl34"
7.23741572030895e-12,0.357014245123503,0.971,0.956,8.03570267425903e-08,"2","Ndufb11"
8.23810804179304e-12,0.366886588329787,0.988,0.972,9.14677135880281e-08,"2","Swi5"
9.87071878527797e-12,0.384032909638382,0.98,0.988,1.09594590672941e-07,"2","Calm1"
1.34020274586064e-11,0.328113491276053,1,0.997,1.48802710872907e-07,"2","Rpl30"
1.70836353946224e-11,0.368108921785163,0.959,0.95,1.89679603786493e-07,"2","Rabac1"
1.89700624864805e-11,0.364938696761378,0.988,0.978,2.10624603787393e-07,"2","Selenof"
2.03341795888489e-11,0.408161276213205,0.533,0.297,2.2577039597499e-07,"2","Polr2j"
2.03643106221138e-11,0.358267089673382,0.947,0.964,2.2610494083733e-07,"2","Tma7"
2.15029330199872e-11,0.328861226489704,0.955,0.941,2.38747065320918e-07,"2","Rnasek"
2.17734752867183e-11,0.280716729011552,1,0.999,2.41750896108434e-07,"2","Rpl35"
2.2093313467784e-11,0.364739708262585,0.914,0.855,2.45302059432806e-07,"2","Nedd8"
2.25075765127133e-11,0.347358061875703,0.967,0.961,2.49901622020656e-07,"2","Gnb2"
2.30340499384616e-11,0.433596323589476,0.648,0.419,2.5574705646674e-07,"2","Psip1"
2.40888106368339e-11,0.369757763911859,0.906,0.881,2.67458064500766e-07,"2","Hsbp1"
2.89012772752982e-11,0.445203587251601,0.635,0.436,3.20890881587636e-07,"2","Ly6e"
3.10435843074583e-11,0.345297164299034,0.967,0.952,3.44676916565709e-07,"2","Ndufs5"
3.45298902077526e-11,0.279857343710851,1,1,3.83385370976677e-07,"2","Rpl14"
3.77245302458935e-11,0.282149074898321,1,1,4.18855459320156e-07,"2","Rpl23"
3.99560079330075e-11,0.294463680284592,1,1,4.43631556080182e-07,"2","Rps25"
4.16361182913042e-11,0.365447141422572,0.844,0.771,4.62285821388351e-07,"2","Ndufab1"
4.62292229315332e-11,0.416448199522115,0.529,0.295,5.13283062208813e-07,"2","Vdac3"
5.08265249118096e-11,0.368094899155701,0.906,0.905,5.64326906095822e-07,"2","Psma7"
6.90619033241676e-11,0.352090065397615,0.451,0.234,7.66794312608233e-07,"2","Lamtor5"
7.38005599562506e-11,0.321485957267938,0.963,0.963,8.1940761719425e-07,"2","Tmem176b"
7.40532784386567e-11,0.363492889463025,0.975,0.964,8.22213550504405e-07,"2","Pfn1"
9.26450377558655e-11,0.384604082693734,0.586,0.346,1.02863785420337e-06,"2","Smco4"
1.2856320750384e-10,0.272978213535052,1,1,1.42743729291513e-06,"2","Rps15a"
1.31910674812804e-10,0.322489427530362,1,1,1.46460422244656e-06,"2","Itm2b"
1.44968292615436e-10,0.416813104757642,0.516,0.294,1.60958295290919e-06,"2","Mrps11"
1.49560341785775e-10,0.318635449915326,0.914,0.912,1.66056847484746e-06,"2","Tbca"
1.53558333410419e-10,0.311901498461111,1,0.999,1.70495817585589e-06,"2","Rpl36a"
1.81792943724642e-10,0.438002784124928,0.631,0.412,2.0184470541747e-06,"2","Mettl26"
1.9348715371758e-10,0.270514228952138,1,1,2.14828786772629e-06,"2","Rpl17"
2.00333825539865e-10,0.456633173342613,0.68,0.457,2.22430646496913e-06,"2","Dbp"
2.18088032406473e-10,0.315209221978395,0.943,0.923,2.42143142380907e-06,"2","Ndufa1"
2.33688863411513e-10,0.279302146542573,1,1,2.59464745045803e-06,"2","Chchd2"
2.71987869611982e-10,0.30393755588294,0.283,0.114,3.01988131630184e-06,"2","Mrpl18"
2.72571064100906e-10,0.402336903987223,0.578,0.353,3.02635652471235e-06,"2","Eid1"
2.82842367000822e-10,0.491050847403558,0.418,0.226,3.14039880081012e-06,"2","Hes6"
2.99377106083948e-10,0.428474702800301,0.852,0.808,3.32398400885007e-06,"2","Pcp4"
3.16478114107877e-10,0.401729621924272,0.611,0.386,3.51385650093976e-06,"2","Eif1b"
3.3517827020469e-10,0.413384433471162,0.783,0.633,3.72148433408268e-06,"2","Chchd10"
4.72582997407532e-10,0.397377488883521,0.783,0.652,5.24708902021583e-06,"2","Ndufa8"
5.71160040496242e-10,0.356812475640018,0.48,0.262,6.34158992962977e-06,"2","Ndufaf3"
6.49483452053383e-10,0.284994342065034,0.984,0.989,7.21121476814871e-06,"2","Serf2"
7.71657482969875e-10,0.334871836475951,0.963,0.95,8.56771303341452e-06,"2","Anxa5"
8.53593232784503e-10,0.331710026233998,0.459,0.241,9.47744566360633e-06,"2","Psma4"
9.51326164218217e-10,0.303133145963386,0.336,0.156,1.05625744013149e-05,"2","Hspb11"
9.80432874911256e-10,0.333365582201361,0.898,0.886,1.08857462101397e-05,"2","Ctsb"
9.99430696887145e-10,0.326936215605179,0.393,0.2,1.1096679027538e-05,"2","Cyb5r3"
1.07170135193706e-09,0.351852609373975,0.848,0.847,1.18991001105571e-05,"2","Ndufa3"
1.14501045387347e-09,0.378811916333085,0.516,0.303,1.27130510693572e-05,"2","Pgls"
1.15904955873595e-09,0.37064997888364,0.77,0.749,1.28689272506452e-05,"2","Scp2"
1.1681454815296e-09,0.382216688193214,0.537,0.337,1.29699192814232e-05,"2","Rer1"
1.24741257579842e-09,0.344563732275787,0.459,0.25,1.38500218290899e-05,"2","Timm17b"
1.6630217704062e-09,0.396237585779965,0.561,0.353,1.84645307168201e-05,"2","Hagh"
1.7643410118936e-09,0.293834055664957,0.922,0.899,1.95894782550547e-05,"2","Tspan3"
1.76998825059712e-09,0.299105339803217,0.996,0.993,1.96521795463798e-05,"2","Laptm4a"
1.77507261239962e-09,0.379491560703504,0.619,0.411,1.9708631215473e-05,"2","Fam174a"
1.88329647298353e-09,0.37154967678782,0.512,0.302,2.09102407395362e-05,"2","Cebpzos"
1.99079167548534e-09,0.345340574904564,0.43,0.233,2.21037599729138e-05,"2","Esd"
2.03134388774302e-09,0.34507495650304,0.545,0.326,2.25540111856107e-05,"2","Znhit1"
2.11783237450704e-09,0.376202317665636,0.57,0.364,2.35142928541517e-05,"2","Rab3a"
2.35017177765144e-09,0.31906044876355,0.93,0.869,2.60939572472639e-05,"2","Peg3"
2.69311173758363e-09,0.356816183609831,0.906,0.923,2.9901619622391e-05,"2","Hmgb1"
2.80959867820256e-09,0.355295970884322,0.578,0.364,3.1194974124083e-05,"2","Ube2n"
2.91598306251806e-09,0.256592228086483,1,1,3.2376159943138e-05,"2","Rps27a"
3.02228835275005e-09,0.363645546262897,0.566,0.361,3.35564675805839e-05,"2","Ccdc12"
3.36497700437992e-09,0.267495604196227,1,1,3.73613396796302e-05,"2","Rpl9"
3.43793111111666e-09,0.45424184017532,0.652,0.47,3.81713491267282e-05,"2","Fbxo2"
3.60781437162714e-09,0.320662794823018,0.385,0.197,4.00575629681761e-05,"2","Bnip2"
3.67111992371829e-09,0.340399718313028,0.492,0.281,4.07604445130442e-05,"2","Smim27"
3.80319411251428e-09,0.333771155698092,0.475,0.27,4.22268642312461e-05,"2","Chchd6"
3.88037843390365e-09,0.310453236527036,0.93,0.937,4.30838417516323e-05,"2","Uqcrq"
4.01515272415936e-09,0.288658099046369,1,0.993,4.45802406963413e-05,"2","Myl6"
4.36536327427547e-09,0.376230104282501,0.582,0.382,4.84686284342805e-05,"2","Trappc6b"
4.51587044033847e-09,0.36134886540391,0.701,0.491,5.0139709499078e-05,"2","Pfdn1"
4.79918850987286e-09,0.341191415042285,0.594,0.377,5.32853900251183e-05,"2","Naa38"
4.83990101207278e-09,0.355004664464172,0.857,0.868,5.37374209370441e-05,"2","Prnp"
4.88136972497143e-09,0.362347102545382,0.529,0.328,5.41978480563578e-05,"2","Pam16"
4.97785296966219e-09,0.346340411459046,0.557,0.348,5.52691015221593e-05,"2","Chchd1"
5.18054374284315e-09,0.285973390974311,1,1,5.75195771767875e-05,"2","Fth1"
5.78694541059733e-09,0.263888841188795,0.262,0.11,6.42524548938621e-05,"2","Ccdc115"
5.92187185764567e-09,0.307491691233235,0.816,0.807,6.57505432354398e-05,"2","Pomp"
6.38866153950576e-09,0.351181839246911,0.824,0.739,7.09333090731324e-05,"2","Mrps33"
6.70667828487794e-09,0.332041821463502,0.602,0.372,7.44642489969997e-05,"2","Epha5"
6.98366282076587e-09,0.261804238877786,0.996,0.996,7.75396082989634e-05,"2","Dad1"
7.34948174200771e-09,0.356201962549887,0.615,0.399,8.16012957815116e-05,"2","Pdcd5"
7.54183645491398e-09,0.286005337775735,1,0.994,8.373701015891e-05,"2","Uqcrh"
7.55656952082175e-09,0.325688809400233,0.475,0.273,8.39005913896839e-05,"2","Echs1"
7.57783370380567e-09,0.311293464359846,0.939,0.945,8.41366876133543e-05,"2","Slc25a4"
7.63012567793721e-09,0.299896724925029,1,1,8.47172854021369e-05,"2","Rpl8"
7.66007150320638e-09,0.319412049297305,0.877,0.883,8.50497739001004e-05,"2","Ywhaq"
7.86495383436312e-09,0.391133903467761,0.721,0.581,8.73245824229337e-05,"2","Polr2g"
8.04242892141396e-09,0.273102591775651,1,1,8.92950883144592e-05,"2","Rps9"
8.48586745030929e-09,0.263797316212209,1,1,9.42185863007841e-05,"2","Rps13"
9.23937047554314e-09,0.390796610656208,0.648,0.472,0.000102584730389955,"2","Yipf4"
9.31412442384443e-09,0.318754203901335,0.447,0.247,0.000103414723477945,"2","Faap20"
9.44240010084566e-09,0.279509915643937,0.275,0.121,0.000104838968319689,"2","Gatd3a"
1.07855592309039e-08,0.326953516990433,0.971,0.95,0.000119752064140726,"2","Psap"
1.10716860711188e-08,0.374702634535907,0.455,0.27,0.000122928930447631,"2","Cxxc5"
1.16132118706317e-08,0.340470492175456,0.533,0.326,0.000128941491399623,"2","Dnajc19"
1.19025056969732e-08,0.36625642969387,0.439,0.257,0.000132153520753493,"2","Emc6"
1.34726836094002e-08,0.314351704353048,0.996,0.994,0.00014958720611517,"2","Scg2"
1.39308602716704e-08,0.29192938569874,0.992,0.996,0.000154674341596356,"2","Gapdh"
1.62350940696724e-08,0.33808631024639,0.705,0.502,0.000180258249455573,"2","Cd164"
1.85697820026674e-08,0.273353743999594,0.348,0.175,0.000206180289575616,"2","Pik3ip1"
1.95197944362635e-08,0.330560079292703,0.496,0.295,0.000216728277625834,"2","Suclg1"
2.00185284405972e-08,0.34616523144051,0.488,0.287,0.000222265721275951,"2","Mrpl42"
2.05448672658923e-08,0.295465404725983,0.422,0.232,0.000228109661253202,"2","Banf1"
2.08739851939006e-08,0.27091915009161,1,1,0.000231763857607878,"2","Rps14"
2.47629604853344e-08,0.332457684110761,0.787,0.759,0.000274943150268668,"2","Ndufb7"
2.54727187364975e-08,0.342173295825881,0.566,0.357,0.000282823596131331,"2","Trappc1"
2.65327441884894e-08,0.324661952036312,0.389,0.215,0.000294593058724798,"2","Lsm3"
2.68120089867321e-08,0.330855550045756,0.434,0.25,0.000297693735779686,"2","Comt"
2.90406233676754e-08,0.266422795503072,0.381,0.199,0.0003224380412513,"2","Wtap"
2.95163676595859e-08,0.290439770823782,0.508,0.297,0.000327720230124382,"2","Fundc1"
2.99978766058782e-08,0.288700116638686,0.574,0.348,0.000333066423955065,"2","Ndufs4"
3.01297104795502e-08,0.296980708190511,0.537,0.324,0.000334530175454445,"2","Mrpl20"
3.05731920423642e-08,0.307291671017297,0.5,0.298,0.00033945415124637,"2","Immp1l"
3.06768128064133e-08,0.323353565607751,0.414,0.234,0.000340604652589607,"2","Pcbd1"
3.11657242837776e-08,0.415141025061101,0.648,0.49,0.000346033036722783,"2","Cisd1"
3.2310396976678e-08,0.294627067180812,0.332,0.17,0.000358742337632056,"2","Dmac1"
3.66935277056621e-08,0.261771789231682,0.348,0.177,0.000407408238115967,"2","Rprml"
3.78837042912766e-08,0.291845089047286,0.369,0.194,0.000420622768746044,"2","Yipf3"
4.02811537013862e-08,0.306236259332919,0.967,0.978,0.000447241649546491,"2","Gpx4"
4.43345473467688e-08,0.353489844882521,0.746,0.716,0.000492246479191174,"2","Mien1"
4.79934701412574e-08,0.344452255885157,0.553,0.352,0.000532871498978381,"2","Gtf2h5"
5.02097321422238e-08,0.300219358042441,0.852,0.851,0.000557478655975111,"2","Ndufa5"
5.39056917063078e-08,0.254746622919973,0.324,0.159,0.000598514895015136,"2","Commd9"
5.69221808900142e-08,0.275643963813239,0.291,0.139,0.000632006974421827,"2","Mrpl12"
5.72139881099618e-08,0.274858396115698,0.41,0.228,0.000635246909984906,"2","Timm17a"
5.87226755842899e-08,0.313664621609038,0.811,0.719,0.000651997867012371,"2","Ndufb3"
6.19325688892197e-08,0.368669325771161,0.549,0.374,0.000687637312377006,"2","Uqcrc1"
6.59446989069355e-08,0.352127486966669,0.553,0.366,0.000732183991963705,"2","Taldo1"
7.42273465607026e-08,0.31577715090066,0.668,0.476,0.000824146228863481,"2","Ndufs8"
7.74272011219171e-08,0.254904865467187,0.307,0.153,0.000859674214056645,"2","Ttc33"
7.93789684010639e-08,0.283412076870481,0.553,0.349,0.000881344686157013,"2","Crhr1"
8.16989681686032e-08,0.309455991050272,0.893,0.894,0.000907103643576001,"2","Spcs2"
8.23671735766133e-08,0.338737137248034,0.541,0.349,0.000914522728221138,"2","Lhfpl5"
8.25488251718585e-08,0.295920011643527,0.406,0.226,0.000916539605883144,"2","Bad"
8.33800937759261e-08,0.304679137607039,0.475,0.286,0.000925769181194108,"2","Arl6ip5"
8.39750705833485e-08,0.31644510712159,0.545,0.349,0.000932375208686919,"2","Sdhb"
8.4524059937052e-08,0.293074574328863,0.311,0.157,0.000938470637481088,"2","Emc4"
8.99191866306398e-08,0.288027688269072,0.443,0.251,0.000998372729159994,"2","Mrps26"
9.0718410305757e-08,0.359540357189134,0.607,0.411,0.00100724650962482,"2","Pin1"
9.27212808273324e-08,0.357941348145186,0.529,0.342,0.00102948438102587,"2","Rex1bd"
9.49231497594365e-08,0.279720815811655,0.43,0.247,0.00105393173177902,"2","Tmx2"
9.6670896119039e-08,0.31278785174802,0.48,0.295,0.00107333695960969,"2","Denr"
9.75841252945371e-08,0.325761494336883,0.529,0.337,0.00108347654314525,"2","Pnkd"
1.06591974856368e-07,0.313122788775432,0.885,0.908,0.00118349069683026,"2","Srp14"
1.21223253638313e-07,0.288504164850148,0.418,0.241,0.00134594178514619,"2","Blvrb"
1.25076806681281e-07,0.364565337800955,0.586,0.429,0.00138872778458227,"2","Psmb5"
1.2987002276711e-07,0.332968113037549,0.57,0.379,0.00144194686278322,"2","Naxe"
1.30447717876638e-07,0.327019767233117,0.783,0.719,0.00144836101158431,"2","Ndufb8"
1.35220514293238e-07,0.319561080343446,0.496,0.306,0.00150135337019782,"2","Cfdp1"
1.5446120690117e-07,0.271790055114067,0.951,0.963,0.00171498278022369,"2","Mdh1"
1.55578131766421e-07,0.334327248032647,0.676,0.55,0.00172738399700257,"2","Trappc2l"
1.57492459286237e-07,0.330880429031088,0.611,0.426,0.00174863877545509,"2","Elof1"
1.80634852585735e-07,0.332599248940251,0.627,0.436,0.00200558876825941,"2","Mpc2"
1.90678706219203e-07,0.346922574803034,0.598,0.425,0.00211710567515181,"2","Ap2s1"
1.90974874118819e-07,0.327871386979999,0.82,0.822,0.00212039402734125,"2","Cox7b"
1.97682170351409e-07,0.363306660306655,0.725,0.639,0.00219486513741169,"2","Tmem256"
1.98233283466577e-07,0.335971438075501,0.414,0.25,0.0022009841463294,"2","Glo1"
2.13043144061097e-07,0.373220232161631,0.594,0.441,0.00236541802851036,"2","Cisd3"
2.2221557949576e-07,0.340257741307233,0.623,0.44,0.00246725957914142,"2","Tusc3"
2.37634976526215e-07,0.279733072630928,0.496,0.301,0.00263846114437057,"2","Psmc2"
2.41241979676613e-07,0.253710912067216,0.352,0.188,0.00267850970034943,"2","B9d1"
2.68867735949722e-07,0.33279690750014,0.693,0.497,0.00298523847224976,"2","Pigp"
2.85701831434272e-07,0.321064670933834,0.631,0.426,0.00317214743441472,"2","Ppdpf"
2.86132491580126e-07,0.318070603251655,0.84,0.85,0.00317692905401414,"2","Cnpy2"
2.95063003447331e-07,0.306255284378695,0.557,0.368,0.00327608452727572,"2","Ppp1r2"
2.95810054857346e-07,0.303211592164937,0.578,0.383,0.00328437903908111,"2","Efemp1"
2.95889283053185e-07,0.288538818034287,0.787,0.68,0.00328525870973951,"2","Cuta"
3.19467665532637e-07,0.324991357029155,0.566,0.383,0.00354704949040887,"2","Snrpe"
3.24169840121722e-07,0.287552844179904,0.414,0.243,0.00359925773487148,"2","Ssna1"
3.33998852929885e-07,0.293461028596845,0.816,0.778,0.00370838926408051,"2","Sptssa"
3.34396036805562e-07,0.345101915674758,0.643,0.457,0.00371279919665216,"2","Fkbp3"
3.48765204830803e-07,0.267511343154982,0.357,0.196,0.00387234006923641,"2","Mrpl55"
3.65044634374638e-07,0.301954362080201,0.754,0.692,0.00405309057546161,"2","Psma2"
3.70042957061699e-07,0.360261652631045,0.734,0.625,0.00410858695225604,"2","Rtn4"
3.72734723947583e-07,0.33057120780709,0.426,0.257,0.00413847363999002,"2","Six6"
3.91380751894044e-07,0.327476747951838,0.529,0.35,0.00434550048827957,"2","Lsm4"
3.95559725696744e-07,0.305755280818416,0.471,0.294,0.00439189963441094,"2","Snrpd3"
3.9937938314648e-07,0.256705425137456,0.369,0.206,0.00443430929107537,"2","Cuedc2"
4.04085792489901e-07,0.252098340883512,0.963,0.972,0.00448656455401537,"2","Ywhae"
4.23584017163152e-07,0.31193325894533,0.746,0.695,0.00470305334256248,"2","Med28"
4.39661369437696e-07,0.268057469341432,0.631,0.417,0.00488156018486674,"2","Snrpn"
4.50909090757995e-07,0.263043927033606,0.443,0.261,0.00500644363468602,"2","Bphl"
4.83777913413707e-07,0.295607325442333,0.443,0.277,0.00537138617263239,"2","Cops7a"
4.84692713074432e-07,0.2837762379994,0.508,0.319,0.00538154319326542,"2","Psma5"
5.13238264067276e-07,0.257810670725921,0.398,0.229,0.00569848444593896,"2","Gps1"
5.17554879647196e-07,0.359543697808798,0.611,0.452,0.00574641182872281,"2","Caly"
5.19635955852814e-07,0.330422072975213,0.68,0.563,0.0057695180178338,"2","Chmp5"
5.72616972582655e-07,0.367065012548216,0.717,0.548,0.00635776624658522,"2","Ncam1"
5.83267781288511e-07,0.309813103791884,0.381,0.223,0.00647602217564634,"2","Acyp1"
5.84217507003362e-07,0.256226509985998,0.324,0.172,0.00648656698025833,"2","Dut"
6.60070017725261e-07,0.295326329674939,0.447,0.273,0.00732875740680358,"2","Cbx5"
6.93272167375871e-07,0.291198425683833,0.398,0.239,0.00769740087437429,"2","Gnb5"
7.00842342896927e-07,0.302994451958195,0.516,0.33,0.00778145253318458,"2","Pitx1"
8.11823662647828e-07,0.283686323380791,0.611,0.411,0.00901367812637883,"2","Tbx19"
8.18261242010193e-07,0.254373336910522,0.361,0.2,0.00908515457003918,"2","Acot13"
8.27303748741013e-07,0.290991928146675,0.443,0.272,0.00918555352227147,"2","Mrpl27"
8.86393739968914e-07,0.332964689457215,0.664,0.537,0.00984162969487485,"2","Vdac2"
9.18763138568573e-07,0.274417703611159,0.373,0.218,0.0102010271275269,"2","Cnih1"
9.23672121917945e-07,0.315842792097336,0.754,0.705,0.0102555315696549,"2","Fis1"
9.82883049991739e-07,0.255866405026056,0.824,0.855,0.0109129505040583,"2","Eif3k"
1.02336633815043e-06,0.25915584102467,0.447,0.27,0.0113624364524842,"2","St3gal5"
1.03940937173024e-06,0.321369477035278,0.455,0.284,0.0115405622543209,"2","Snrnp27"
1.04880962869924e-06,0.275284592771179,0.455,0.279,0.0116449333074476,"2","Ppig"
1.06668821529567e-06,0.276336269139106,0.344,0.192,0.0118434392544278,"2","Gamt"
1.14025730261713e-06,0.339718642775708,0.447,0.295,0.012660276830958,"2","Clpp"
1.15608832162372e-06,0.280790936953047,0.619,0.455,0.0128360486349882,"2","Pcmt1"
1.16419160458389e-06,0.280498086645954,0.832,0.735,0.0129260193856949,"2","Hmgn3"
1.1653631971596e-06,0.289580565247098,0.656,0.452,0.0129390275780631,"2","Iscu"
1.18421206887457e-06,0.361421978500595,0.496,0.345,0.0131483066007143,"2","Hnrnpr"
1.31463539086627e-06,0.259373065302862,0.324,0.175,0.0145963967447882,"2","Polr3gl"
1.38664426113428e-06,0.289989151265482,0.41,0.247,0.0153959112313739,"2","Selenoh"
1.39764560935444e-06,0.285255558597531,0.541,0.363,0.0155180592006624,"2","Trappc4"
1.40157586533481e-06,0.282724312163075,0.566,0.385,0.0155616968328124,"2","Scoc"
1.43350900570724e-06,0.253846456950993,0.939,0.942,0.0159162504903675,"2","Sec62"
1.43757847826062e-06,0.297145729666481,0.721,0.686,0.0159614338441277,"2","Txn1"
1.44507343909616e-06,0.295030736451181,0.52,0.35,0.0160446503942846,"2","Sdf2"
1.60843396925737e-06,0.290803352884543,0.451,0.28,0.0178584423606646,"2","Commd6"
1.62183596160374e-06,0.291607018772445,0.41,0.247,0.0180072446816864,"2","Creld1"
1.80687563754629e-06,0.253640610049697,0.361,0.208,0.0200617402036765,"2","Psmc3"
1.85988961181518e-06,0.308065441505617,0.41,0.255,0.020650354359984,"2","Gadd45gip1"
1.88486640018551e-06,0.257978885620403,0.885,0.906,0.0209276716412597,"2","Smdt1"
2.04555369034939e-06,0.301010683971666,0.541,0.37,0.0227117826239492,"2","Spag7"
2.15455463179089e-06,0.263284488778204,0.475,0.303,0.0239220200767742,"2","Mrps16"
2.17617270054176e-06,0.288625560681929,0.418,0.259,0.0241620454941152,"2","Thoc7"
2.1976908309139e-06,0.307038246701889,0.484,0.316,0.0244009612956371,"2","Klhdc8b"
2.23180400788037e-06,0.305638704111077,0.516,0.345,0.0247797198994958,"2","Ssu72"
2.27080266508191e-06,0.278149863601329,0.84,0.818,0.0252127219904044,"2","Ndufb2"
2.41692880902209e-06,0.313688836824546,0.352,0.212,0.0268351605665722,"2","Lmo1"
2.52012023391146e-06,0.261836856095641,0.369,0.219,0.027980894957119,"2","Emg1"
2.60657042592911e-06,0.335846163930935,0.676,0.61,0.028940751439091,"2","Ndufb6"
2.62464416644142e-06,0.302994451958195,0.402,0.248,0.0291414241799991,"2","Zmynd8"
2.72562602202893e-06,0.320449165961449,0.738,0.694,0.0302626257225872,"2","Rtl8a"
2.853528547266e-06,0.301010683971666,0.484,0.316,0.0316827274602944,"2","Celf4"
2.8588501095038e-06,0.305488668747849,0.623,0.457,0.0317418127658207,"2","Bri3"
3.0441594436959e-06,0.333733211307948,0.537,0.39,0.0337993023033556,"2","Bola2"
3.04538031097878e-06,0.316201656584296,0.471,0.32,0.0338128575927974,"2","Acat1"
3.12193161256946e-06,0.318425953111338,0.594,0.41,0.0346628066943587,"2","Tceal3"
3.32122958037042e-06,0.260811668007923,0.463,0.297,0.0368756120308527,"2","Smim26"
3.35065131192124e-06,0.319731823587729,0.504,0.345,0.0372022815162616,"2","Itfg1"
3.363872730153e-06,0.29746513635187,0.598,0.432,0.0373490789228887,"2","Psmb7"
3.38469479711059e-06,0.264162619628802,0.455,0.287,0.0375802663323189,"2","Snap47"
3.50115157663614e-06,0.338439090549136,0.623,0.509,0.038873285955391,"2","Sf3b5"
3.5179732467999e-06,0.294582212141995,0.402,0.252,0.0390600569592193,"2","Mgst3"
3.52795800856759e-06,0.287593796408653,0.439,0.286,0.0391709177691259,"2","Mrps34"
3.62552505580637e-06,0.272868481924342,0.607,0.436,0.0402542046946181,"2","Mrpl23"
3.66313040824579e-06,0.259898159045107,0.332,0.188,0.0406717369227531,"2","Commd4"
3.86329255412043e-06,0.282948764436473,0.488,0.319,0.0428941372283992,"2","Mrpl14"
3.90926428416875e-06,0.271302922317356,0.328,0.19,0.0434045613471256,"2","Mesd"
3.91893199601482e-06,0.257767776140433,0.393,0.24,0.0435119019517525,"2","Gemin7"
3.93496308478134e-06,0.292154923002794,0.516,0.357,0.0436898951303273,"2","Tsn"
4.24477415191182e-06,0.256076448092698,0.34,0.199,0.047129727408677,"2","Hdac2"
4.2480778723073e-06,0.287306881338819,0.357,0.208,0.047166408616228,"2","Fam13a"
4.26827032167326e-06,0.255442834708638,0.406,0.251,0.0473906053815382,"2","Ssbp1"
4.27056238022763e-06,0.255246266861733,0.475,0.309,0.0474160541076674,"2","Prune2"
4.3820361574271e-06,0.317429280855609,0.545,0.389,0.048653747455913,"2","Atp6v1d"
5.53523857538329e-75,3.07417028241585,0.987,0.825,6.14577539024807e-71,"3","Dnajb1"
4.99394632559096e-73,2.50468981509506,0.987,0.784,5.54477860530364e-69,"3","Jun"
1.84149647769277e-68,1.85542064993909,1,1,2.04461353918229e-64,"3","Hspa8"
1.57415728822017e-60,2.40616994783938,0.862,0.289,1.74778683711086e-56,"3","Npas4"
3.83860288839708e-58,1.9306124547224,1,0.983,4.26200078698728e-54,"3","Ubc"
4.8068307651699e-58,2.06401403435559,0.931,0.448,5.33702419856814e-54,"3","Egr1"
4.8207557567786e-58,1.97216240967574,0.994,0.958,5.35248511675128e-54,"3","Hsp90aa1"
3.07067345881608e-53,2.2124872671981,0.818,0.256,3.4093687413235e-49,"3","Atf3"
1.05764873475743e-52,1.68312930486023,1,0.97,1.17430739020117e-48,"3","Hspa5"
4.33282434143106e-52,1.73858979365201,0.73,0.198,4.81073486629091e-48,"3","Dnaja4"
6.08987610665244e-52,1.68263253966463,1,0.93,6.7615894412162e-48,"3","Btg2"
3.16099364232126e-51,2.59636790571756,0.937,0.799,3.5096512410693e-47,"3","Hspb1"
6.68554646692573e-51,2.34154889450105,0.981,0.849,7.42296224222764e-47,"3","Fos"
4.68986314111097e-50,1.36520361555604,1,1,5.20715504557551e-46,"3","Hsp90ab1"
1.24340498566241e-48,1.82974923986805,0.73,0.195,1.38055255558097e-44,"3","Zfp36"
1.93032217221565e-48,1.56781630018763,0.855,0.336,2.14323670781103e-44,"3","Hsph1"
5.57606375500424e-48,1.45082708114927,0.994,0.907,6.19110358718121e-44,"3","Jund"
1.50958519700565e-47,1.23804406007395,1,1,1.67609244423537e-43,"3","Ubb"
2.01680015569862e-45,1.59095754396421,0.962,0.869,2.23925321287217e-41,"3","Dnaja1"
3.16774572134902e-45,1.79028690397657,0.893,0.415,3.51714807441382e-41,"3","Nr4a1"
3.59056360976813e-44,2.03458023171014,0.862,0.375,3.98660277592555e-40,"3","Ier2"
7.27788901837114e-42,1.57195011035278,0.824,0.322,8.08064017709748e-38,"3","Fosb"
8.98853105623059e-40,1.45595362300153,1,0.981,9.97996603173282e-36,"3","Actg1"
1.78255005190707e-39,1.46873491249364,0.679,0.199,1.97916532263241e-35,"3","Cdkn1a"
2.41442916790985e-38,1.58834588204227,0.962,0.962,2.68074070513031e-34,"3","Hspe1"
6.55536125661229e-37,0.829796018194407,0.623,0.156,7.27841760321662e-33,"3","Csrnp1"
2.1794100792136e-35,1.2553087352679,0.679,0.225,2.41979901095086e-31,"3","Hmgcs1"
2.12750885431696e-34,1.02974413227084,0.509,0.111,2.36217308094812e-30,"3","Ciart"
1.95443467423228e-32,1.13944177685868,0.478,0.105,2.1700088188001e-28,"3","Bag3"
3.95996016854618e-31,0.693470153042339,0.522,0.125,4.39674377513682e-27,"3","Siah2"
1.09021959744545e-30,0.926245606791599,0.931,0.557,1.21047081904369e-26,"3","Btg1"
1.58104712804418e-30,1.37137110402057,0.761,0.31,1.75543662626745e-26,"3","Ddit3"
2.34195895045692e-30,1.00734984558785,0.799,0.31,2.60027702269232e-26,"3","Ppp1r15a"
2.42182852088794e-30,0.936462794254931,0.686,0.23,2.68895620674188e-26,"3","Insig1"
5.14675242743612e-30,1.1217693741097,0.818,0.421,5.71443922018232e-26,"3","Coq10b"
9.76478400301531e-30,1.3854922961512,0.453,0.106,1.08418396785479e-25,"3","Arc"
9.41643411171621e-29,0.698837613544591,0.535,0.141,1.04550667942385e-24,"3","Irs2"
6.54916672349823e-28,0.916168409196529,0.849,0.446,7.27153981310008e-24,"3","Atf4"
2.81883841237342e-27,1.0325573481385,0.792,0.372,3.12975628925821e-23,"3","Slc38a2"
5.18615497342405e-26,0.593875422476764,1,1,5.75818786699272e-22,"3","Eif1"
6.30753237316618e-26,1.00380176355433,0.805,0.401,7.00325319392641e-22,"3","Klf9"
5.88950125639119e-25,1.06830305681971,0.799,0.411,6.53911324497114e-21,"3","Mat2a"
5.99679460827004e-25,0.89246102137762,0.843,0.481,6.65824105356222e-21,"3","Pnrc1"
2.65462900989934e-24,0.49741766719772,0.377,0.08,2.94743458969124e-20,"3","Dedd2"
1.95385581574131e-23,0.922261742059524,0.704,0.309,2.16936611221757e-19,"3","Ifrd1"
1.26415748240464e-22,0.49741766719772,0.371,0.084,1.40359405271388e-18,"3","Dusp8"
1.21885812830106e-21,0.722308548974983,0.95,0.917,1.35329817985267e-17,"3","Saraf"
2.29908261498038e-21,0.603451394397121,1,0.993,2.55267142741271e-17,"3","Ddx5"
2.60115313351923e-21,0.738759570556908,0.384,0.1,2.8880603241464e-17,"3","Irf1"
5.63877134482583e-21,0.725964791567455,0.836,0.598,6.26072782416012e-17,"3","Tra2b"
1.40036682707302e-20,0.879322316267883,0.994,0.993,1.55482728809918e-16,"3","Mt1"
2.40235713694671e-20,0.767858344980276,0.478,0.156,2.66733712915193e-16,"3","Nfil3"
2.90760612455275e-20,0.888571594894019,0.698,0.331,3.22831508009092e-16,"3","Bhlhe40"
5.33919315220851e-20,0.864392823545688,0.579,0.237,5.92810615689711e-16,"3","Msmo1"
1.02817237611808e-19,0.795827717175873,0.994,0.989,1.1415797892039e-15,"3","Actb"
1.9002293724543e-19,0.946796698916286,0.792,0.473,2.10982467223601e-15,"3","Tob1"
2.78455007090148e-19,0.967624689583082,0.767,0.531,3.09168594372192e-15,"3","Hspd1"
1.21718945183632e-18,0.80264504810042,0.692,0.353,1.35144544837387e-14,"3","Ahsa1"
1.76585112494632e-18,0.819121871808345,0.711,0.411,1.9606245040279e-14,"3","Cacybp"
2.74322262127409e-18,0.541540220430028,0.409,0.125,3.04580007640062e-14,"3","Taf7"
5.99407918400331e-18,0.921561270111718,0.78,0.481,6.65522611799887e-14,"3","Cebpb"
8.02955766017014e-18,0.547478603096643,0.509,0.189,8.91521787008691e-14,"3","Sec24a"
9.47168827541888e-18,0.650142984535319,0.459,0.156,1.05164154921976e-13,"3","Klf6"
1.04907857629267e-17,0.73172604353467,0.893,0.758,1.16479194325775e-13,"3","Dstn"
1.05264270677184e-16,1.03716281470616,0.528,0.216,1.16874919732878e-12,"3","Gadd45b"
1.33376681374147e-16,0.621579718355145,0.27,0.062,1.48088129329716e-12,"3","Klf4"
2.33181403232294e-16,0.931999696988205,0.767,0.483,2.58901312008816e-12,"3","Herpud1"
2.71013018471596e-16,0.487455973020609,0.409,0.135,3.00905754409013e-12,"3","Sertad1"
2.91044705758898e-16,0.683889411177681,0.597,0.284,3.23146936804105e-12,"3","Klf13"
3.3223414268766e-16,0.771498640251313,0.818,0.604,3.68879568626109e-12,"3","Ddx50"
5.65228092555472e-16,1.68049693741117,0.516,0.225,6.2757275116434e-12,"3","Phlda1"
6.38763115769583e-16,1.4238236299942,0.277,0.069,7.09218687438968e-12,"3","Egr4"
6.73762066638715e-16,1.14980382051487,0.516,0.225,7.48078022588966e-12,"3","Errfi1"
7.02752262700973e-16,0.641306384062654,0.95,0.907,7.8026583727689e-12,"3","Ccnd2"
8.80128805637226e-16,0.65592041472594,0.358,0.109,9.77207012899012e-12,"3","Maff"
1.49910536194764e-15,0.515627410022293,0.346,0.106,1.66445668337046e-11,"3","Nfkbiz"
1.59415208509192e-15,0.788655071177707,0.541,0.253,1.76998706007756e-11,"3","Dnajb4"
1.73213679272493e-15,0.630386453028987,0.535,0.226,1.92319148096249e-11,"3","Oser1"
1.73803506944288e-15,0.693665778544808,0.547,0.242,1.92974033760243e-11,"3","Pim3"
3.64453374473454e-15,0.609864129155641,0.547,0.243,4.04652581677876e-11,"3","Tmem41b"
3.85241767316427e-15,0.406428906383751,0.308,0.083,4.27733934251429e-11,"3","Tmem37"
4.04950431650387e-15,0.668024110392352,0.528,0.244,4.49616464261425e-11,"3","Stip1"
4.87016817074118e-15,1.02597769900941,1,1,5.40734771997394e-11,"3","Ftl1"
1.37134489721373e-14,0.503319050389756,0.906,0.846,1.5226042393764e-10,"3","Dynll2"
1.94640687781478e-14,0.416281982217506,0.365,0.12,2.16109555643775e-10,"3","Srebf2"
3.78401879830032e-14,0.493843478398731,0.421,0.154,4.20139607175285e-10,"3","Tiparp"
4.78043744786955e-14,0.636258877683166,0.352,0.119,5.30771969836957e-10,"3","Klf10"
1.17604789214835e-13,0.501385550593924,0.535,0.236,1.30576597465231e-09,"3","Per1"
1.27635764439711e-13,0.438417238671358,0.27,0.074,1.41713989257411e-09,"3","Ldlr"
3.70584485443091e-13,0.585895888940518,0.478,0.212,4.11459954187464e-09,"3","Slc25a25"
4.45080404061046e-13,0.577044030677567,0.648,0.359,4.94172772628979e-09,"3","Ccnl1"
5.14263475679673e-13,1.19307974046076,0.472,0.231,5.70986737047141e-09,"3","Nfkbia"
6.42619079871493e-13,0.371711037739843,0.314,0.1,7.13499964381318e-09,"3","Vcl"
6.44441582699254e-13,0.564047619839597,0.447,0.19,7.15523489270981e-09,"3","Swt1"
7.26388168119808e-13,0.509069496435623,0.937,0.977,8.06508783063423e-09,"3","Cfl1"
1.67351490592505e-12,0.431203011995442,0.39,0.147,1.85810360004859e-08,"3","Fosl2"
1.78354668491942e-12,0.323246555117021,0.296,0.091,1.98027188426603e-08,"3","Ahsa2"
1.86527901371733e-12,0.635678151094034,0.34,0.123,2.07101928893035e-08,"3","Cited4"
2.06993750115908e-12,0.544305594174735,0.553,0.281,2.29825160753693e-08,"3","Stat3"
2.11634780010522e-12,0.446734937924873,1,1,2.34978096245682e-08,"3","Fth1"
2.40570480168353e-12,0.553853481868879,0.541,0.265,2.67105404130922e-08,"3","Nr1d1"
3.30039877321128e-12,0.440677708823148,1,1,3.66443275789649e-08,"3","Ptma"
6.9584810541312e-12,0.449754046484048,0.912,0.807,7.72600151440187e-08,"3","Rheb"
1.16635645116235e-11,0.517244633190326,0.667,0.41,1.29500556772556e-07,"3","Rsrc2"
1.40950071537569e-11,0.609767127170805,0.78,0.707,1.56496864428163e-07,"3","Dnajb9"
1.4718889907729e-11,0.461369871746044,0.491,0.228,1.63423834645515e-07,"3","Wdr1"
1.70996347523254e-11,0.339980417679884,0.346,0.126,1.89857244655069e-07,"3","Arf6"
2.16208000173106e-11,0.360747564576046,0.434,0.179,2.400557425922e-07,"3","Senp2"
2.38736443685662e-11,0.669588581723355,0.396,0.16,2.65069073424191e-07,"3","Gem"
3.02261120635353e-11,0.556413496911558,0.572,0.302,3.35600522241432e-07,"3","Slc3a2"
3.58260835560804e-11,0.486678285395509,0.648,0.357,3.97777005723161e-07,"3","Clk1"
6.06033414626492e-11,0.609497604530503,0.792,0.728,6.72878900259794e-07,"3","Ube2s"
6.72836616578888e-11,0.498790572970691,0.962,0.935,7.47050495387539e-07,"3","Rsrp1"
8.47102901333781e-11,0.410876282903118,1,1,9.40538351350897e-07,"3","Chchd2"
9.58131977019597e-11,0.631673483619841,0.302,0.109,1.06381393408486e-06,"3","Socs3"
1.01314151688244e-10,0.485426827170242,0.553,0.293,1.12489102619458e-06,"3","Tpm4"
1.35558740813052e-10,0.558374659293287,0.654,0.399,1.50510869924731e-06,"3","Chka"
2.35215939174067e-10,0.546156848500398,0.434,0.205,2.61160257264967e-06,"3","Slc5a3"
2.52475788067784e-10,0.364593828845619,0.264,0.089,2.80323867491661e-06,"3","Lysmd3"
3.14897626178884e-10,0.542397080371406,0.937,0.917,3.49630834346415e-06,"3","Nap1l5"
3.22910104134492e-10,0.641800077903563,0.447,0.22,3.58527088620526e-06,"3","Txnip"
3.28285864400623e-10,0.340842870192899,0.421,0.185,3.64495795244012e-06,"3","Mapk6"
5.76710538907123e-10,0.368447939909032,0.358,0.146,6.40321711348579e-06,"3","Rassf1"
6.78147891027237e-10,0.557481764299049,0.321,0.131,7.52947603407542e-06,"3","Idi1"
6.83633017787015e-10,0.362280083144451,0.566,0.286,7.59037739648922e-06,"3","Lmna"
7.08528843114074e-10,0.342742915506037,0.277,0.098,7.86679574509557e-06,"3","Trib1"
8.92148445671091e-10,0.832574307371606,0.604,0.353,9.90552419228612e-06,"3","Tnnt1"
9.14440838182963e-10,0.421817174182352,0.811,0.667,1.01530366263454e-05,"3","Hmgn2"
9.29982367484246e-10,0.346830905419355,1,0.999,1.03255942261776e-05,"3","Oaz1"
9.30383147207619e-10,0.481817494366977,0.503,0.27,1.03300440834462e-05,"3","Arl4a"
9.3291278116437e-10,0.362613423735412,0.95,0.978,1.0358130609268e-05,"3","Morf4l1"
9.40051821591582e-10,0.518249570443808,0.447,0.222,1.04373953751313e-05,"3","Mapre1"
1.02985267921285e-09,1.54323890782855,0.34,0.167,1.14344542973003e-05,"3","Serpinh1"
1.28011193582435e-09,1.13722655574919,0.522,0.383,1.42130828234577e-05,"3","Clu"
1.60300922945207e-09,0.341176049482725,0.252,0.086,1.77982114746063e-05,"3","Arid5a"
2.19085625795638e-09,0.387177311430417,0.969,0.96,2.43250770320897e-05,"3","Rbm39"
2.6909768092848e-09,0.376819144050071,0.528,0.277,2.98779155134891e-05,"3","Fbl"
2.99508740716544e-09,0.525557120693823,0.604,0.377,3.32544554817579e-05,"3","Rab6a"
3.14129964944971e-09,0.377687409107234,0.472,0.238,3.48778500078401e-05,"3","Arfgap2"
3.57324270677873e-09,0.450475742023571,0.56,0.321,3.96737137733642e-05,"3","Ptges3"
3.93144226818707e-09,0.922538470035773,0.264,0.1,4.36508035036811e-05,"3","Hmox1"
5.27927720619440e-09,0.341203906091621,0.994,0.991,5.86158148203764e-05,"3","Eef2"
6.09077725442668e-09,0.358304986371414,0.717,0.456,6.76258998558995e-05,"3","Myl12a"
6.56995976721266e-09,0.476728810440911,0.535,0.302,7.29462632953622e-05,"3","Ywhag"
6.85280659766648e-09,0.723038636124128,0.421,0.222,7.60867116538909e-05,"3","Tuba4a"
7.57722852347622e-09,0.300082893134688,0.358,0.154,8.41299682961564e-05,"3","Hmgcr"
7.92524122989076e-09,0.369501647949305,1,1,8.79939533754772e-05,"3","Selenok"
9.0250436410951e-09,0.343050784275933,1,0.995,0.000100205059547079,"3","Ly6h"
1.09749703065459e-08,0.44407759768972,0.503,0.274,0.000121855095313579,"3","Zfand5"
1.11576628978884e-08,0.447135654982264,0.56,0.315,0.000123883531155255,"3","Usp2"
1.13839179692697e-08,0.378802367861222,0.541,0.306,0.000126395641212801,"3","Acp1"
1.30553457876302e-08,0.281562373029572,0.296,0.119,0.000144953504280058,"3","Zfp869"
1.65374477298836e-08,0.355812344683629,0.925,0.944,0.000183615282144897,"3","Sub1"
1.71297499174652e-08,0.385830152766555,0.855,0.78,0.000190191613333616,"3","Srsf5"
1.77687872876401e-08,0.443423823964447,0.509,0.286,0.000197286845254668,"3","Eif1a"
1.97826374972254e-08,0.454184041372397,0.836,0.737,0.000219646624131694,"3","Nktr"
2.01222844538887e-08,0.30465092131009,0.981,0.968,0.000223417724291527,"3","Ywhae"
2.1108604409186e-08,0.466056486720381,0.547,0.343,0.000234368834755192,"3","Ywhah"
2.27889415355084e-08,0.577382369445951,0.56,0.364,0.00025302561786875,"3","Hspa4l"
3.0932089169511e-08,0.387428014024302,0.528,0.302,0.000343438986049081,"3","Tnfrsf12a"
3.63384604617561e-08,0.432698898961767,0.686,0.467,0.000403465926506878,"3","Csnk1a1"
5.25960106627463e-08,0.400294294994276,0.723,0.543,0.000583973506388472,"3","Pcbp1"
5.26379898353488e-08,0.323675152498355,0.264,0.104,0.000584439601141877,"3","Tgif1"
5.43677253386227e-08,0.33646649805045,0.818,0.615,0.000603644854434728,"3","Cadm1"
5.76513105652563e-08,0.383286272141633,0.509,0.285,0.00064010250120604,"3","Ndel1"
5.87909169200034e-08,0.366528817003247,0.667,0.415,0.000652755550562798,"3","Rbbp6"
5.91257291985606e-08,0.388282735337778,0.679,0.446,0.000656472971291618,"3","Sf3b1"
7.10507847487768e-08,0.301145214006778,1,0.999,0.000788876863065669,"3","Bsg"
7.65447246928075e-08,0.344516701977057,0.566,0.323,0.000849876078264242,"3","Fubp1"
9.32637242990067e-08,0.271233825659536,1,1,0.00103550713089187,"3","Rpl9"
1.29991006162696e-07,0.401854362298201,0.509,0.298,0.00144329014142441,"3","Ythdc1"
1.63125090663437e-07,0.425702734550013,0.528,0.33,0.00181117788163615,"3","Pofut2"
1.63884622266402e-07,0.328717260550001,0.761,0.637,0.00181961096102386,"3","Snu13"
1.87128797242095e-07,0.37249365443939,0.528,0.317,0.00207769103577899,"3","Eprs"
1.959491428476e-07,0.331438681414082,0.956,0.948,0.0021756233330369,"3","Hnrnpa2b1"
2.21189215683689e-07,0.288392969507595,0.377,0.186,0.002455863861736,"3","Ccnt1"
3.1160948674234e-07,0.276992649146426,1,1,0.0034598001313002,"3","Rps14"
3.59804515852302e-07,0.430523904793285,0.767,0.548,0.00399490953950811,"3","Jpt1"
4.14764972375559e-07,0.35343906763258,0.516,0.307,0.00460513548828584,"3","Cyc1"
4.86722579700991e-07,0.27822428565771,0.346,0.165,0.0054040808024201,"3","Cars"
7.60383842636128e-07,0.42890888926743,0.459,0.265,0.00844254180478893,"3","Irf2bpl"
8.66223418748728e-07,0.289796102207343,0.44,0.231,0.00961767861836712,"3","Alkbh1"
8.98024426877364e-07,0.268128104593699,0.553,0.312,0.00997076521161937,"3","Mast4"
9.21384129906885e-07,0.450073976854999,0.698,0.577,0.0102301279943561,"3","Camk2n1"
9.98503822865771e-07,0.341126168189075,0.723,0.627,0.0110863879452787,"3","Eif2s2"
1.1297910498817e-06,0.309168864172021,0.673,0.453,0.0125440700268365,"3","Vamp2"
1.16031124136986e-06,0.348895142487631,0.535,0.327,0.0128829357129295,"3","Ddx24"
1.37576707888817e-06,0.282805952029859,0.459,0.256,0.0152751418768953,"3","Tspyl2"
1.38672151516876e-06,0.397175157516348,0.597,0.381,0.0153967689829187,"3","Jmjd1c"
1.4244440843931e-06,0.422375740130181,0.314,0.154,0.0158156026690166,"3","Slc2a1"
1.45876253974868e-06,0.483979734397344,0.755,0.672,0.0161966404788296,"3","Tsc22d1"
1.5346592514066e-06,0.2796560598562,0.321,0.157,0.0170393216683675,"3","Tmem251"
1.64430290063296e-06,0.301526025083811,0.635,0.404,0.0182566951057278,"3","Wbp2"
1.74866089123924e-06,0.38650943428741,0.824,0.7,0.0194153818754292,"3","Higd1a"
1.76629593334237e-06,0.28567984748397,0.302,0.146,0.0196111837479004,"3","Ranbp2"
1.91042664207644e-06,0.311549786155969,0.453,0.258,0.0212114670069747,"3","Yaf2"
1.97120257922983e-06,0.256245854521957,0.358,0.183,0.0218862622371889,"3","Wbp11"
2.16612132652395e-06,0.357474127376415,0.302,0.152,0.0240504450883954,"3","Avpi1"
2.95638342637831e-06,0.456313348922188,0.44,0.268,0.0328247251830784,"3","Tubb4b"
3.32855685769276e-06,0.354454667829532,0.623,0.435,0.0369569667909627,"3","Ewsr1"
3.58067772911902e-06,0.351520611894455,0.371,0.204,0.0397562648264085,"3","Slbp"
3.63326681712415e-06,0.271292324363659,0.459,0.258,0.0403401614705295,"3","Nfic"
3.87747413245618e-06,0.264943364155172,0.302,0.148,0.043051595292661,"3","Isg20"
3.97445649946481e-06,0.31287591968665,0.585,0.375,0.0441283905135578,"3","Csde1"
3.98675555813033e-06,0.250926791996578,1,1,0.0442649469619211,"3","Pcsk1n"
4.04571237648308e-06,0.29904659303707,0.377,0.198,0.0449195445160917,"3","Pcna"
4.22723811188883e-06,0.327901634833809,0.811,0.806,0.0469350247563016,"3","Ube2d3"
2.54078825941124e-50,2.44615221904902,1,0.992,2.8210372044243e-46,"4","Mt1"
2.42561085775796e-42,1.25844102569336,0.575,0.107,2.69315573536866e-38,"4","Sbno2"
5.28292530096244e-42,1.49452648265721,0.787,0.264,5.86563196165859e-38,"4","Lmna"
2.1776617527375e-39,1.3085542492728,0.85,0.322,2.41785784406445e-35,"4","Bhlhe40"
7.51406874710646e-38,1.28601909715178,0.724,0.204,8.3428705299123e-34,"4","Errfi1"
1.34084726665978e-36,1.15071723780612,0.85,0.272,1.48874272017235e-32,"4","Atf3"
2.14043975160176e-36,1.60381701365151,0.827,0.305,2.37653025620344e-32,"4","Ifrd1"
4.45103846335067e-35,1.3188434249243,1,0.91,4.94198800585825e-31,"4","Jund"
5.47998585126719e-35,1.44544931792938,0.945,0.806,6.08442829066196e-31,"4","Rheb"
1.23525269362999e-33,1.35836938461479,0.953,0.754,1.37150106573738e-29,"4","Dstn"
1.75149107804795e-33,1.16025769736496,0.866,0.335,1.94468054395663e-29,"4","Fosb"
1.13430749099232e-32,0.715011913664632,1,1,1.25942160724877e-28,"4","Eif1"
1.39400980325989e-32,0.930460664623632,0.598,0.15,1.54776908455946e-28,"4","Nfil3"
2.09125195691982e-31,0.834408036137325,0.449,0.082,2.32191704776807e-27,"4","Tgif1"
2.65275653447284e-31,1.0759997692376,0.827,0.324,2.9453555802252e-27,"4","Ppp1r15a"
6.49846812361943e-30,1.25575005504395,1,0.982,7.21524915765465e-26,"4","Actg1"
2.61329904331919e-29,0.929372463016231,0.732,0.265,2.9015459277973e-25,"4","Stat3"
3.05474197122255e-29,0.809310900805968,0.48,0.1,3.3916800106484e-25,"4","Maff"
2.24848556606572e-28,1.06895880236289,0.52,0.129,2.49649352400277e-24,"4","Slc2a1"
2.29592808412706e-28,1.03800904000474,0.898,0.432,2.54916895180628e-24,"4","Nr4a1"
6.43706653208912e-28,0.716391699514597,0.354,0.053,7.14707497057856e-24,"4","Sgms2"
1.25735800121364e-27,0.911485196961002,0.37,0.063,1.39604458874751e-23,"4","Rcan1"
3.90928474685634e-27,0.913554467938767,0.693,0.267,4.34047885443459e-23,"4","Eif1a"
1.7273629560245e-26,0.946111528997117,0.85,0.379,1.917891090074e-22,"4","Slc38a2"
2.13115708221605e-26,1.01717769175227,0.992,0.985,2.36622370838448e-22,"4","Ubc"
2.99542559928629e-26,0.962664082496681,0.535,0.147,3.32582104288757e-22,"4","Tiparp"
1.12602754624598e-25,0.991290260938446,0.85,0.461,1.25022838459691e-21,"4","Atf4"
1.55343932928155e-25,0.690449060036836,0.598,0.177,1.72478368730131e-21,"4","Csrnp1"
3.32290207678008e-25,1.1516169391499,0.748,0.329,3.68941817584893e-21,"4","Ddit3"
2.17914308115848e-24,0.756059979492401,0.433,0.096,2.41950256301026e-20,"4","Socs3"
2.52451002519963e-24,1.13328685503268,0.677,0.303,2.80296348097915e-20,"4","Mast4"
4.22191527422737e-24,0.941740267147444,0.898,0.475,4.68759252897465e-20,"4","Cebpb"
9.69932088328702e-24,1.13133134583848,0.811,0.416,1.07691559767136e-19,"4","Klf9"
2.96545480407834e-23,0.828319663420869,0.315,0.053,3.29254446896818e-19,"4","Nptx2"
7.72966195722661e-22,0.906664307300466,0.882,0.578,8.58224367110871e-18,"4","Btg1"
9.36401000024522e-22,1.10289054077959,0.598,0.217,1.03968603032723e-17,"4","Gadd45b"
1.20595043346361e-21,0.863101603266872,0.748,0.367,1.33896676627465e-17,"4","Jmjd1c"
2.95702985869948e-21,1.35389700844194,0.835,0.663,3.28319025211403e-17,"4","Tsc22d1"
5.84202090965489e-20,0.766395346725032,0.969,0.936,6.48639581598982e-16,"4","Eif5a"
2.12453783203765e-19,0.663254414592795,1,1,2.3588743549114e-15,"4","Fth1"
2.58532420323006e-19,0.614373221884628,1,1,2.87048546284633e-15,"4","Hspa8"
3.35779628297276e-19,0.61047726503484,0.346,0.078,3.72816121298466e-15,"4","Arid5a"
6.62334837720434e-19,0.647153444237769,0.496,0.162,7.35390370320998e-15,"4","Irs2"
7.47698650602874e-19,0.695383343651411,0.606,0.236,8.3016981176437e-15,"4","Per1"
7.94586688620793e-19,0.892890347096108,0.717,0.368,8.82229600375666e-15,"4","Rab6a"
1.36223641496221e-18,0.653703608989993,0.465,0.145,1.51249109153254e-14,"4","Fosl2"
1.5091849980497e-18,0.740673541341865,0.622,0.243,1.67564810333458e-14,"4","Msmo1"
4.39187355111281e-18,1.46187575550392,0.661,0.311,4.87629720380055e-14,"4","C2cd4b"
6.87994467138344e-18,1.44232208602026,0.638,0.336,7.63880256863704e-14,"4","Ccdc85b"
9.10745318954707e-18,0.724238206323596,0.575,0.232,1.01120052763541e-13,"4","Oser1"
1.42656385678485e-17,0.747323559066488,0.591,0.23,1.58391385018821e-13,"4","Cdkn1a"
3.3890523573435e-17,0.832451712614609,0.701,0.362,3.76286483235849e-13,"4","Ccnl1"
4.22230054179106e-17,0.456999340822171,0.307,0.068,4.68802029155062e-13,"4","Map3k8"
4.84221961062941e-17,0.741982574813991,0.787,0.49,5.37631643368183e-13,"4","Herpud1"
2.03577800591379e-16,0.632776421034927,0.512,0.201,2.26032431996609e-12,"4","Rab18"
2.54756932534377e-16,0.648016168212099,0.803,0.438,2.82856622192918e-12,"4","Coq10b"
1.79179107236553e-15,0.930239864188616,0.992,0.989,1.98942562764745e-11,"4","Actb"
1.80160077905216e-15,0.609348489294741,0.52,0.21,2.00031734498161e-11,"4","Gnl3"
3.20018456527979e-15,0.697196717228523,1,0.971,3.55316492283015e-11,"4","Hspa5"
5.1070538586688e-15,0.588976993388246,0.575,0.249,5.67036189927997e-11,"4","Pim3"
6.26647422989584e-15,0.843295362954835,0.724,0.437,6.95766633745335e-11,"4","Mat2a"
6.45924255324002e-15,0.674890063407762,0.74,0.449,7.1716970068624e-11,"4","Pabpc1"
9.20773105526628e-15,0.717570557214405,0.622,0.305,1.02233437906621e-10,"4","Slc3a2"
1.7935961221872e-14,1.08007884589671,0.583,0.299,1.99142977446444e-10,"4","Cebpd"
2.11782854670799e-14,0.473656855291334,1,1,2.35142503540988e-10,"4","Rps14"
2.67262801650308e-14,0.717335671824514,0.606,0.295,2.96741888672337e-10,"4","Klf13"
2.68821301838692e-14,0.486646489107906,0.992,0.957,2.984722914315e-10,"4","Rbm39"
2.94402832952442e-14,0.508031270450914,0.37,0.112,3.26875465427097e-10,"4","Nfkbiz"
3.32436563155656e-14,0.431184496541201,0.323,0.09,3.69104316071725e-10,"4","Usp37"
6.61638849080486e-14,0.624919282146544,0.465,0.188,7.34617614134063e-10,"4","Mapk6"
1.25703317966069e-13,0.598387404952771,0.677,0.375,1.39568393937727e-09,"4","Rap1b"
1.49924792107853e-13,0.396302946569084,0.307,0.086,1.6646149667735e-09,"4","Noct"
2.14027280116414e-13,0.448483568786849,0.417,0.148,2.37634489113255e-09,"4","Tmem251"
2.38332909499554e-13,0.69628573142592,0.591,0.297,2.64621029417355e-09,"4","Tpm4"
2.88140558996604e-13,0.479213427162703,0.339,0.105,3.1992246265393e-09,"4","Vcl"
5.76573996114628e-13,0.563218378122385,0.417,0.159,6.40170107886071e-09,"4","Ubald1"
7.90404504101537e-13,0.65074742507327,0.78,0.505,8.77586120903937e-09,"4","Pnrc1"
1.12443044466724e-12,0.573541004982093,0.827,0.61,1.24845512271403e-08,"4","Ddx50"
1.22923762352661e-12,0.489390024925559,0.551,0.242,1.36482253340159e-08,"4","Zfp36"
1.69035639412719e-12,0.465130334140348,0.402,0.146,1.87680270439942e-08,"4","Sertad1"
2.53674085203486e-12,0.65658324076618,0.315,0.102,2.81654336801431e-08,"4","Pim1"
5.99326032729406e-12,0.462377098493889,0.417,0.159,6.6543169413946e-08,"4","Ccdc88c"
6.03870312279077e-12,0.502046786595392,0.425,0.167,6.70477207723459e-08,"4","Pi4k2a"
7.81176856449417e-12,0.37336033773866,0.315,0.099,8.67340663715788e-08,"4","Hmox1"
8.79295070349307e-12,0.557636199245477,0.362,0.134,9.76281316608836e-08,"4","Midn"
1.32314990332543e-11,0.668724705831968,0.386,0.147,1.46909333766223e-07,"4","Rhoc"
1.42945231104366e-11,0.430726319181235,0.37,0.132,1.58712090095177e-07,"4","Cry2"
1.45471307641197e-11,0.423865996971404,0.291,0.09,1.61516792874021e-07,"4","Uck2"
1.53615586608178e-11,0.50622327037312,0.882,0.796,1.70559385811061e-07,"4","Ube2d3"
1.54444735624143e-11,0.645288852973237,0.551,0.267,1.71479989963486e-07,"4","Insig1"
2.31376661314955e-11,0.565493004011351,0.417,0.175,2.56897507057994e-07,"4","Nipa2"
2.33362306340093e-11,0.653147978310724,0.795,0.613,2.59102168729406e-07,"4","Tra2b"
3.08922126519228e-11,0.491013448980424,0.913,0.884,3.42996237074299e-07,"4","Cystm1"
3.57843422353743e-11,0.542750740565717,0.724,0.469,3.97313551839361e-07,"4","Csnk1a1"
4.69363903424361e-11,0.600611626465971,0.48,0.222,5.21134741972068e-07,"4","Slc25a25"
4.89122024229806e-11,0.766711402243389,0.449,0.209,5.43072183502353e-07,"4","Gadd45a"
7.64745635417327e-11,0.445236143715018,0.969,0.937,8.49097079003858e-07,"4","Btg2"
8.02595665159745e-11,0.400441543656006,1,1,8.91121967026865e-07,"4","Rpl4"
1.76430004356964e-10,0.436357948200906,0.299,0.101,1.95890233837537e-06,"4","Trib1"
2.21663659962726e-10,0.360976727952068,0.339,0.124,2.46113161656615e-06,"4","Rnf34"
2.67946422825498e-10,0.312688704876582,1,1,2.9750091326315e-06,"4","Ubb"
3.49513880198297e-10,0.606753194063423,0.724,0.464,3.8806526118417e-06,"4","Myl12a"
3.6054392849146e-10,0.859938253657172,0.567,0.315,4.00311923804067e-06,"4","Nr4a2"
3.61099650368113e-10,0.358472903794031,0.26,0.08,4.00928941803716e-06,"4","Cep85l"
4.31897947797089e-10,0.401380935720157,1,1,4.79536291439108e-06,"4","Rpl9"
7.05135927539229e-10,0.645013343654877,0.26,0.08,7.82912420346805e-06,"4","Egr4"
1.08024505925354e-09,0.582996751650656,0.717,0.449,1.1993960892892e-05,"4","Sf3b1"
1.09251897224087e-09,0.541116953806405,0.535,0.277,1.21302381487904e-05,"4","Nr1d1"
1.13187612853155e-09,0.354345339842526,1,1,1.25672206550858e-05,"4","Rpl8"
1.21503667278326e-09,0.492375678764969,0.614,0.357,1.34905521779126e-05,"4","Atp2b1"
1.24555224971075e-09,0.55329429772182,0.717,0.473,1.38293666285385e-05,"4","Anp32b"
1.27177464227164e-09,0.426707064248894,1,1,1.4120513853142e-05,"4","Ftl1"
1.36475786621857e-09,0.361671738592853,1,1,1.51529065886248e-05,"4","Rpl18"
1.49371787648882e-09,0.432911768733199,0.378,0.159,1.65847495826554e-05,"4","Aopep"
1.65726386082274e-09,0.368778069455555,1,1,1.84006006467149e-05,"4","Rpl3"
1.85159583303712e-09,0.696939659459303,0.685,0.499,2.05582685342111e-05,"4","Eloc"
2.24874263958654e-09,0.411152529474747,0.386,0.166,2.49677895273293e-05,"4","Cars"
3.03465099707352e-09,0.50214342332074,0.48,0.239,3.36937300205073e-05,"4","Ttc19"
3.10894313900081e-09,0.963163878381913,0.583,0.366,3.4518595672326e-05,"4","Tnnt1"
3.30600543029321e-09,0.429431454435322,0.276,0.099,3.67065782925455e-05,"4","Arid5b"
4.12694223833149e-09,0.370329636836525,1,1,4.58214396721945e-05,"4","Selenok"
4.50949972986068e-09,0.405929224174532,1,0.99,5.00689755006432e-05,"4","Eef2"
4.71374194466545e-09,0.395035544529819,0.378,0.162,5.23366768116205e-05,"4","Siah2"
4.84036336992617e-09,0.34028998194279,1,1,5.37425544962903e-05,"4","Rps19"
5.57378149749532e-09,0.363585004739987,1,1,6.18856959666906e-05,"4","Rps5"
6.05585845393025e-09,0.778430669028735,0.386,0.191,6.72381964139875e-05,"4","Vmp1"
7.00229578410517e-09,0.586216483021151,0.52,0.292,7.77464900909197e-05,"4","Ndel1"
8.82332279509825e-09,0.52935849259323,0.433,0.213,9.79653529939759e-05,"4","Sec24a"
1.27823459294439e-08,0.435525434246476,0.362,0.162,0.000141922386854615,"4","Hmgcr"
1.29382376069335e-08,0.326087409529023,1,1,0.000143653252149783,"4","Rps2"
1.31410727457276e-08,0.475935141656012,0.386,0.171,0.000145905330695814,"4","Gem"
1.45800718528646e-08,0.34586348497013,0.26,0.091,0.000161882537782356,"4","Zfp655"
1.73139594530783e-08,0.405787484719598,0.441,0.214,0.000192236891807528,"4","Ube4b"
1.85519714153715e-08,0.397612166062296,0.386,0.172,0.00020598253862487,"4","Bcl10"
2.01242650486105e-08,0.457055127983426,0.858,0.738,0.000223439714834722,"4","Nktr"
2.66910867395497e-08,0.407063641406868,0.457,0.229,0.00029635113606922,"4","Mapre1"
2.89198983469276e-08,0.394940082324378,0.48,0.246,0.000321097631345937,"4","Arfgap2"
3.49611650381252e-08,0.438427812316203,0.583,0.355,0.000388173815418304,"4","Papola"
4.2604241939182e-08,0.539376693818922,0.496,0.267,0.000473034898250738,"4","Irf2bpl"
5.1421804586135e-08,0.320326575294639,1,1,0.000570936296319857,"4","Rpl14"
5.43973608548693e-08,0.312547557701261,1,1,0.000603973897571614,"4","Rps27"
5.81814915268742e-08,0.446057773022732,0.654,0.426,0.000645989100422884,"4","Rbbp6"
5.90038100055574e-08,0.416282171436246,0.976,0.969,0.000655119302491704,"4","Cfl1"
7.01779949612877e-08,0.42048415716919,0.362,0.17,0.000779186278055178,"4","Syne2"
8.20969551047772e-08,0.30362161281294,1,1,0.000911522492528341,"4","Rpl22l1"
1.00143130083756e-07,0.307737829670403,1,0.999,0.00111188917331994,"4","Oaz1"
1.02841641702254e-07,0.308247995340982,1,1,0.00114185074782013,"4","Rpl18a"
1.30792059468161e-07,0.325998526955012,1,1,0.00145218423627499,"4","Rps3"
1.67726225003126e-07,0.352404256468757,0.346,0.156,0.00186226427620971,"4","Nup98"
2.18541929882991e-07,0.381545074164324,0.992,0.99,0.00242647104749085,"4","Gabarap"
2.24475112102644e-07,0.753239282540908,0.48,0.291,0.00249234716967565,"4","Cidea"
2.37583751805963e-07,0.391512637872352,0.339,0.159,0.00263789239630161,"4","Gnl1"
2.39885760212935e-07,0.319586355222176,1,1,0.00266345159564421,"4","Pcsk1n"
2.44348107152837e-07,0.37535478167953,0.969,0.937,0.00271299703371795,"4","Sub1"
2.84788603665205e-07,0.390189822842471,0.559,0.344,0.00316200786649478,"4","Pkig"
3.03203248059006e-07,0.484369367574317,0.433,0.24,0.00336646566319914,"4","Alkbh1"
3.92685587213667e-07,0.530892228259726,0.346,0.181,0.00435998807483335,"4","Klf7"
4.01045526850009e-07,0.396742835729148,0.252,0.1,0.00445280848461565,"4","Tmem37"
4.04970323219904e-07,0.618077950282553,0.394,0.201,0.00449638549871059,"4","Gadd45g"
4.19575281299498e-07,0.307868898103686,1,1,0.00465854434826833,"4","Eef1a1"
4.80601854083368e-07,0.34372907104942,0.315,0.139,0.00533612238588764,"4","Idi1"
5.75165772488981e-07,0.310403165011919,1,1,0.00638606557194516,"4","Rps24"
6.29525336610067e-07,0.289902941234549,1,1,0.00698961981238157,"4","Rps27a"
6.3737356776012e-07,0.334557724101288,1,0.999,0.00707675872284061,"4","Bsg"
6.71327355263623e-07,0.303970148442764,0.307,0.135,0.007453747625492,"4","Arih1"
6.81842452103514e-07,0.26466547329822,0.457,0.238,0.00757049674570531,"4","Rnf10"
7.04492794931058e-07,0.439611234317726,0.488,0.292,0.00782198350211954,"4","Zdbf2"
7.31068103850546e-07,0.421502744828964,0.449,0.257,0.00811704915705262,"4","Ptpn1"
7.32979654612349e-07,0.308084611979725,1,1,0.00813827310516091,"4","Fau"
7.91051451647142e-07,0.403169725302377,0.724,0.548,0.00878304426763822,"4","Gnai2"
8.87420876785481e-07,0.273584786194668,1,1,0.00985303399494919,"4","Rpl13"
9.40148217095335e-07,0.331824913854074,0.346,0.17,0.0104384656544095,"4","Atf2"
9.7453218221237e-07,0.279906576500947,1,1,0.0108202308191039,"4","Rpl15"
1.10725342664199e-06,0.460402086627266,0.48,0.283,0.012293834796006,"4","Arl4a"
1.18844600023636e-06,0.5443542369532,0.409,0.223,0.0131953159406243,"4","Odc1"
1.24761598564208e-06,0.253440452293656,0.291,0.126,0.013852280288584,"4","Zfp869"
1.27620408415078e-06,0.391884500473144,0.323,0.154,0.0141696939463261,"4","Avpi1"
1.86371602801719e-06,0.341680333627447,1,0.994,0.0206928390590749,"4","Scg2"
1.86384017065263e-06,0.424560708629268,0.724,0.499,0.0206942174147562,"4","Mcub"
1.99363303963015e-06,0.341214938382498,0.331,0.156,0.0221353076390136,"4","Malt1"
2.05904178692265e-06,0.286998223285022,1,0.999,0.0228615409602021,"4","Rpl35"
2.24108078965961e-06,0.279789621925095,1,1,0.0248827200075907,"4","Rps18"
2.29630100243395e-06,0.321002911963667,0.402,0.213,0.0254958300300241,"4","Atp2a2"
2.44886825230003e-06,0.269623755205338,1,1,0.0271897842052872,"4","Rpl17"
2.45124216955469e-06,0.367103943534151,0.441,0.252,0.0272161418085657,"4","Eif4e"
2.50588813623779e-06,0.40358447161568,0.803,0.665,0.0278228759766482,"4","Map1b"
2.54195622084249e-06,0.327111140219091,0.969,0.968,0.0282233399200142,"4","Gabarapl2"
2.64888500737194e-06,0.322225012816018,0.874,0.78,0.0294105702368507,"4","Srsf5"
2.88483942576555e-06,0.34934814355058,0.299,0.141,0.0320303721442749,"4","Arf6"
3.08364912815204e-06,0.403372533660156,1,0.998,0.0342377562698721,"4","Rpl10a"
3.25018032950371e-06,0.375013920475135,0.528,0.337,0.0360867521984796,"4","Pofut2"
3.47370841448332e-06,0.493888263208228,0.331,0.17,0.0385685845260083,"4","Tmbim1"
4.38077470765368e-06,0.279789621925096,0.331,0.162,0.0486397415790788,"4","N4bp2l1"
